id,good_ingredients,bad_ingredients
1,"['glycerin', 'sodium hyaluronate', 'allantoin', 'linoleic acid', 'oleic acid', 'tocopherol']",[]
2,"['glycerin', 'niacinamide', 'tocopherol', 'sodium hyaluronate', 'ethylhexyl glycerin']",[]
3,"['sodium hyaluronate', 'sodium hyaluronate', 'panthenol', 'glycerin', 'ethylhexyl glycerin']",[]
4,"['glycerin', 'allantoin']",[]
5,"['glycerin', 'sodium hyaluronate']",[]
6,"['glycerin', 'ethylhexyl glycerin', 'sodium hyaluronate', 'tocopherol']",[]
7,"['glycerin', 'niacinamide', 'sodium hyaluronate']",[]
8,"['glycerin', 'sodium hyaluronate', 'allantoin', 'linoleic acid', 'oleic acid', 'tocopherol']",[]
9,"['glycerin', 'niacinamide', 'sodium hyaluronate']",[]
10,"['glycerin', 'sodium hyaluronate']",[]
11,"['glycerin', 'sodium hyaluronate']",[]
12,"['glycerin', 'sodium hyaluronate']",[]
13,"['glycerin', 'allantoin']",[]
14,"['glycerin', 'titanium dioxide']",[]
15,"['glycerin', 'sodium hyaluronate']",['propylene glycol dicoco-caprylate']
16,"['glycerin', 'allantoin']",[]
17,['glycerin'],[]
18,"['glycerin', 'sodium hyaluronate', 'tocopherol']",[]
19,[],[]
20,"['glycerin', 'allantoin', 'panthenol']",[]
21,"['glycerin', 'sodium hyaluronate']",[]
22,[],['propylene glycol']
23,"['glycerin', 'tocopherol']",['propylene glycol']
24,"['glycerin', 'ethylhexyl glycerin']",[]
25,"['glycerin', 'sodium hyaluronate']",['propylene glycol dicoco-caprylate']
26,"['glycerin', 'niacinamide']",[]
27,"['titanium dioxide', 'tocopherol']",['propylene glycol']
28,['glycerin'],[]
29,"['glycerin', 'linoleic acid', 'sodium hyaluronate', 'palmitoyl hydroxypropyltrimonium amylopectin/glycerin crosspolymer']",['dipropylene glycol']
30,[],['propylene glycol']
31,"['glycerin', 'tocopherol', 'ethylhexyl glycerin']",['propylene glycol']
32,['glycerin'],[]
33,"['glycerin', 'niacinamide', 'allantoin', 'tocopherol']",[]
34,['sodium hyaluronate'],['dipropylene glycol']
35,"['glycerin', 'tocopherol']",['dipropylene glycol']
36,"['glycerin', 'sodium hyaluronate']",[]
37,['tocopherol'],['propylene glycol']
38,"['glycerin', 'ethylhexyl glycerin']",[]
39,['glycerin'],[]
40,[],[]
41,"['glycerin', 'niacinamide', 'tocopherol']",[]
42,"['titanium dioxide', 'zinc oxide', 'ethylhexyl glycerin', 'sodium hyaluronate', 'titanium dioxide']",[]
43,"['glycerin', 'linoleic acid', 'sodium hyaluronate', 'palmitoyl hydroxypropyltrimonium amylopectin/glycerin crosspolymer']",['dipropylene glycol']
44,['glycerin'],['dipropylene glycol']
45,[],[]
46,"['glycerin', 'niacinamide', 'linoleic acid', 'tocopherol', 'sodium hyaluronate', 'ethylhexyl glycerin']",[]
47,['tocopherol'],[]
48,"['glycerin', 'sodium hyaluronate', 'titanium dioxide']",['propylene glycol']
49,"['glycerin', 'niacinamide']",[]
50,"['glycerin', 'tocopherol']",[]
51,"['glycerin', 'ethylhexyl glycerin', 'tocopherol']",[]
52,"['glycerin', 'sodium hyaluronate']",[]
53,['glycerin'],['propylene glycol']
54,['glycerin'],[]
55,"['glycerin', 'sodium hyaluronate']",[]
56,"['glycerin', 'sodium hyaluronate']",['propylene glycol dicoco-caprylate']
57,['glycerin'],[]
58,"['glycerin', 'tocopherol']",[]
59,"['glycerin', 'sodium hyaluronate', 'ethylhexyl glycerin']",[]
60,"['glycerin', 'tocopherol', 'sodium hyaluronate']",[]
61,['glycerin'],"['propylene glycol', 'propylene glycol isostearate']"
62,"['glycerin', 'ethylhexyl glycerin', 'tocopherol']",[]
63,[],[]
64,"['glycerin', 'niacinamide']",[]
65,['glycerin'],[]
66,"['glycerin', 'panthenol', 'sodium hyaluronate', 'tocopherol']",[]
67,['glycerin'],[]
68,"['glycerin', 'sodium hyaluronate']",['propylene glycol dicoco-caprylate']
69,"['glycerin', 'tocopherol', 'ethylhexyl glycerin']",['propylene glycol']
70,"['glycerin', 'allantoin', 'panthenol']",['methylisothiazolinone']
71,"['glycerin', 'sodium hyaluronate', 'glycerin', 'titanium dioxide']",[]
72,"['glycerin', 'panthenol']",[]
73,"['glycerin', 'ethylhexyl glycerin']",[]
74,"['glycerin', 'sodium hyaluronate', 'panthenol', 'hydrolyzed sodium hyaluronate']",['dipropylene glycol']
75,[],[]
76,"['glycerin', 'tocopherol']",[]
77,"['glycerin', 'niacinamide', 'panthenol', 'ethylhexyl glycerin', 'tocopherol']",[]
78,"['glycerin', 'tocopherol', 'ethylhexyl glycerin']",[]
79,"['glycerin', 'ethylhexyl glycerin']",[]
80,"['glycerin', 'sodium hyaluronate', 'linoleic acid']",[]
81,"['glycerin', 'sodium hyaluronate']",[]
82,"['glycerin', 'sodium hyaluronate', 'sodium hyaluronate', 'panthenol', 'tocopherol']",[]
83,"['glycerin', 'sodium hyaluronate', 'linoleic acid', 'panthenol', 'allantoin', 'ethylhexyl glycerin']",[]
84,"['glycerin', 'linoleic acid', 'sodium hyaluronate', 'titanium dioxide']",[]
85,"['glycerin', 'panthenol', 'tocopherol', 'ethylhexyl glycerin']",[]
86,"['glycerin', 'tocopherol']",['propylene glycol']
87,['glycerin'],[]
88,"['titanium dioxide', 'zinc oxide', 'glycerin', 'sodium hyaluronate', 'titanium dioxide']",['propylene glycol dicoco-caprylate']
89,"['glycerin', 'ethylhexyl glycerin', 'tocopherol']",[]
90,"['sodium hyaluronate', 'panthenol', 'allantoin']",[]
91,"['glycerin', 'allantoin', 'ethylhexyl glycerin', 'sodium hyaluronate', 'tocopherol']",[]
92,"['tocopherol', 'glycerin']",[]
93,"['glycerin', 'sodium hyaluronate']",['propylene glycol dicoco-caprylate']
94,"['glycerin', 'tocopherol']",[]
95,"['glycerin', 'niacinamide', 'titanium dioxide', 'panthenol', 'ethylhexyl glycerin', 'tocopherol']",[]
96,"['glycerin', 'ethylhexyl glycerin', 'titanium dioxide']",[]
97,"['glycerin', 'ethylhexyl glycerin', 'tocopherol']",[]
98,"['glycerin', 'tocopherol']",[]
99,"['glycerin', 'niacinamide', 'titanium dioxide', 'panthenol', 'ethylhexyl glycerin', 'sodium hyaluronate', 'tocopherol']",[]
100,"['glycerin', 'tocopherol']",[]
101,"['glycerin', 'panthenol', 'tocopherol']",[]
102,"['glycerin', 'tocopherol']",[]
103,"['glycerin', 'sodium hyaluronate', 'linoleic acid', 'palmitoyl hydroxypropyltrimonium amylopectin/glycerin crosspolymer', 'ethylhexyl glycerin']",['propylene glycol dicoco-caprylate']
104,"['glycerin', 'capryloyl glycerin/sebacic acid copolymer', 'tocopherol', 'hydrolyzed sodium hyaluronate']",[]
105,"['glycerin', 'capryloyl glycerin/sebacic acid copolymer', 'tocopherol', 'ethylhexyl glycerin']",[]
106,"['sodium hyaluronate', 'allantoin', 'glycerin', 'yeast amino acids', 'ethylhexyl glycerin']",[]
107,"['glycerin', 'sodium hyaluronate']",['propylene glycol dicoco-caprylate']
108,"['glycerin', 'allantoin', 'tocopherol']",[]
109,['glycerin'],[]
110,"['glycerin', 'sodium hyaluronate', 'ethylhexyl glycerin']",[]
111,"['glycerin', 'ethylhexyl glycerin', 'tocopherol']",[]
112,['glycerin'],[]
113,"['glycerin', 'allantoin']",[]
114,"['glycerin', 'niacinamide', 'tocopherol']",['dipropylene glycol']
115,"['glycerin', 'palmitoyl hydroxypropyltrimonium amylopectin/glycerin crosspolymer', 'linoleic acid', 'sodium hyaluronate', 'ethylhexyl glycerin']",[]
116,[],[]
117,"['glycerin', 'sodium hyaluronate', 'sodium hyaluronate', 'allantoin', 'ethylhexyl glycerin']",[]
118,[],[]
119,[],[]
120,"['ethylhexyl glycerin', 'sodium hyaluronate']",[]
121,"['ethylhexyl glycerin', 'sodium hyaluronate']",[]
122,"['sodium hyaluronate', 'sodium hyaluronate', 'panthenol', 'glycerin', 'ethylhexyl glycerin']",[]
123,['glycerin'],[]
124,['glycerin'],[]
125,"['peg/ppg/polybutylene glycol-8/5/3 glycerin', 'glycerin', 'sodium hyaluronate']",[]
126,"['glycerin', 'sodium hyaluronate', 'hydrolyzed sodium hyaluronate', 'tocopherol']",['propylene glycol']
127,"['glycerin', 'ethylhexyl glycerin']",['propylene glycol']
128,['sodium hyaluronate'],['propylene glycol dicoco-caprylate']
129,"['panthenol', 'sodium hyaluronate', 'ethylhexyl glycerin']",[]
130,"['glycerin', 'ethylhexyl glycerin', 'sodium hyaluronate']",['propylene glycol']
131,"['glycerin', 'tocopherol', 'titanium dioxide']",['benzophenone-4']
132,"['glycerin', 'ethylhexyl glycerin']",['propylene glycol']
133,"['glycerin', 'sodium hyaluronate', 'sodium hyaluronate', 'hydrolyzed sodium hyaluronate', 'ethylhexyl glycerin']",[]
134,"['glycerin', 'sodium hyaluronate', 'ethylhexyl glycerin', 'titanium dioxide']",[]
135,"['glycerin', 'retinol', 'niacinamide']",[]
136,"['linoleic acid', 'tocopherol']",[]
137,['retinol'],['propylene glycol dicaprylate']
138,"['glycerin', 'sodium hyaluronate', 'sodium hyaluronate', 'ethylhexyl glycerin']",[]
139,['glycerin'],[]
140,['glycerin'],[]
141,['sodium hyaluronate'],['propylene glycol dicoco-caprylate']
142,['retinol'],['propylene glycol dicaprylate']
143,"['peg/ppg/polybutylene glycol-8/5/3 glycerin', 'glycerin', 'sodium hyaluronate']",[]
144,"['glycerin', 'ethylhexyl glycerin']",[]
145,[],[]
146,['panthenol'],[]
147,['glycerin'],[]
148,"['glycerin', 'sodium hyaluronate', 'tocopherol']",[]
149,['titanium dioxide'],"['sodium laureth sulfate', 'propylene glycol', 'benzophenone-4']"
150,"['glycerin', 'hydrolyzed sodium hyaluronate']",[]
151,"['glycerin', 'sodium hyaluronate', 'sodium hyaluronate', 'panthenol', 'tocopherol']",[]
152,"['niacinamide', 'glycerin', 'ethylhexyl glycerin', 'tocopherol']",[]
153,"['glycerin', 'sodium hyaluronate', 'tocopherol']",[]
154,['tocopherol'],[]
155,"['glycerin', 'sodium hyaluronate']","['benzophenone-3', 'dipropylene glycol']"
156,"['glycerin', 'ethylhexyl glycerin', 'tocopherol']",[]
157,"['glycerin', 'sodium hyaluronate']",[]
158,"['glycerin', 'sodium hyaluronate', 'ethylhexyl glycerin']",['propylene glycol caprylate']
159,['retinol'],[]
160,"['niacinamide', 'tocopherol']",[]
161,"['glycerin', 'ethylhexyl glycerin', 'tocopherol', 'hydrolyzed sodium hyaluronate']",[]
162,"['glycerin', 'tocopherol']",[]
163,"['glycerin', 'sodium hyaluronate', 'tocopherol']",[]
164,"['glycerin', 'sodium hyaluronate', 'tocopherol', 'ethylhexyl glycerin']",[]
165,"['glycerin', 'niacinamide', 'sodium hyaluronate', 'titanium dioxide']",[]
166,"['glycerin', 'sodium hyaluronate', 'ethylhexyl glycerin']",[]
167,['tocopherol'],[]
168,['tocopherol'],[]
169,"['glycerin', 'tocopherol', 'sodium hyaluronate']",['propylene glycol']
170,"['glycerin', 'tocopherol', 'sodium hyaluronate']",['propylene glycol']
171,"['glycerin', 'tocopherol', 'sodium hyaluronate']",['propylene glycol']
172,"['glycerin', 'tocopherol', 'sodium hyaluronate']",['propylene glycol']
173,"['niacinamide', 'panthenol', 'ethylhexyl glycerin', 'glycerin', 'allantoin', 'sodium hyaluronate']",['dipropylene glycol']
174,"['glycerin', 'sodium hyaluronate']",['propylene glycol']
175,"['niacinamide', 'glycerin', 'ethylhexyl glycerin']",[]
176,['glycerin'],[]
177,"['glycerin', 'ethylhexyl glycerin']",[]
178,"['glycerin', 'sodium hyaluronate']",[]
179,"['niacinamide', 'glycerin', 'allantoin']",['propylene glycol']
180,"['glycerin', 'tocopherol']",[]
181,"['sodium hyaluronate', 'glycerin', 'ethylhexyl glycerin', 'titanium dioxide']",[]
182,"['linoleic acid', 'fish (pisces) collagen', 'glycerin', 'ethylhexyl glycerin', 'sodium hyaluronate', 'titanium dioxide']",['propylene glycol dicoco-caprylate']
183,['tocopherol'],[]
184,"['shea butter ethyl esters', 'retinol', 'sodium hyaluronate', 'yeast amino acids', 'glycerin', 'ethylhexyl glycerin', 'titanium dioxide']",[]
185,"['glycerin', 'ethylhexyl glycerin', 'hydrolyzed sodium hyaluronate', 'sodium hyaluronate', 'tocopherol']",[]
186,"['glycerin', 'sodium hyaluronate', 'tocopherol']",[]
187,"['glycerin', 'ethylhexyl glycerin']",[]
188,"['glycerin', 'ethylhexyl glycerin']",[]
189,"['glycerin', 'panthenol', 'sodium hyaluronate']",[]
190,"['glycerin', 'hydrolyzed sodium hyaluronate']",[]
191,"['glycerin', 'niacinamide', 'collagen amino acids']",[]
192,"['glycerin', 'sodium hyaluronate', 'ethylhexyl glycerin', 'linoleic acid', 'oleic acid', 'titanium dioxide']","['propylene glycol dicoco-caprylate', 'dipropylene glycol']"
193,"['glycerin', 'sodium hyaluronate', 'titanium dioxide']",[]
194,"['peg/ppg/polybutylene glycol-8/5/3 glycerin', 'sodium hyaluronate', 'hydrolyzed sodium hyaluronate', 'panthenol', 'glycerin', 'titanium dioxide']",[]
195,"['glycerin', 'sodium hyaluronate', 'titanium dioxide']",['propylene glycol']
196,"['glycerin', 'tocopherol', 'hydrolyzed sodium hyaluronate', 'ethylhexyl glycerin']",[]
197,['tocopherol'],[]
198,"['glycerin', 'sodium hyaluronate']",[]
199,"['panthenol', 'glycerin', 'ethylhexyl glycerin', 'sodium hyaluronate']",[]
200,['glycerin'],[]
201,"['hydrolyzed collagen', 'sodium hyaluronate']",['dipropylene glycol']
202,['sodium hyaluronate'],[]
203,['glycerin'],[]
204,['glycerin'],[]
205,"['glycerin', 'sodium hyaluronate', 'tocopherol']",[]
206,"['glycerin', 'hydrolyzed sodium hyaluronate', 'titanium dioxide']","['dipropylene glycol', 'propylene glycol']"
207,"['shea butter ethyl esters', 'glycerin']",[]
208,"['glycerin', 'titanium dioxide', 'sodium hyaluronate']",['dipropylene glycol']
209,"['tocopherol', 'glycerin']",[]
210,"['glycerin', 'sodium hyaluronate', 'tocopherol']",[]
211,['sodium hyaluronate'],[]
212,"['sodium hyaluronate', 'ethylhexyl glycerin']",[]
213,"['niacinamide', 'panthenol', 'ethylhexyl glycerin', 'titanium dioxide']",[]
214,"['glycerin', 'diglycerin', 'sodium hyaluronate', 'sodium hyaluronate', 'sodium hyaluronate', 'hydrolyzed sodium hyaluronate', 'panthenol', 'ethylhexyl glycerin']",['propylene glycol']
215,"['glycerin', 'sodium hyaluronate', 'tocopherol', 'linoleic acid']",[]
216,"['glycerin', 'sodium hyaluronate', 'tocopherol', 'ethylhexyl glycerin']",[]
217,"['tocopherol', 'linoleic acid', 'glycerin']",[]
218,"['glycerin', 'ethylhexyl glycerin', 'allantoin']",[]
219,"['glycerin', 'sodium hyaluronate']",[]
220,['sodium hyaluronate'],['propylene glycol dicoco-caprylate']
221,"['glycerin', 'sodium hyaluronate', 'tocopherol', 'ethylhexyl glycerin', 'retinol', 'sodium hyaluronate']",[]
222,"['glycerin', 'sodium hyaluronate', 'tocopherol', 'sodium hyaluronate']",[]
223,"['glycerin', 'sodium hyaluronate', 'titanium dioxide']",['dipropylene glycol']
224,"['glycerin', 'sodium hyaluronate', 'titanium dioxide']","['dipropylene glycol', 'propylene glycol', 'benzophenone-4']"
225,['glycerin'],[]
226,"['glycerin', 'tocopherol']",[]
227,['glycerin'],[]
228,"['glycerin', 'sodium hyaluronate', 'ethylhexyl glycerin']",[]
229,['tocopherol'],[]
230,['tocopherol'],[]
231,['tocopherol'],[]
232,['tocopherol'],[]
233,['glycerin'],[]
234,['tocopherol'],[]
235,[],[]
236,['tocopherol'],[]
237,['tocopherol'],[]
238,['tocopherol'],[]
239,"['glycerin', 'ethylhexyl glycerin']",[]
240,[],[]
241,['tocopherol'],[]
242,"['tocopherol', 'titanium dioxide']",[]
243,['tocopherol'],[]
244,[],['benzophenone-3']
245,['tocopherol'],[]
246,['tocopherol'],[]
247,['glycerin'],[]
248,[],[]
249,[],[]
250,[],[]
251,['tocopherol'],[]
252,['tocopherol'],[]
253,[],[]
254,[],[]
255,['glycerin'],[]
256,[],[]
257,[],[]
258,[],[]
259,"['glycerin', 'panthenol']",[]
260,['tocopherol'],[]
261,['tocopherol'],[]
262,[],[]
263,[],[]
264,['tocopherol'],[]
265,[],[]
266,[],[]
267,[],[]
268,['tocopherol'],[]
269,['tocopherol'],[]
270,"['glycerin', 'titanium dioxide']",[]
271,[],[]
272,"['glycerin', 'tocopherol']",[]
273,"['glycerin', 'sodium hyaluronate', 'titanium dioxide']",['propylene glycol']
274,['tocopherol'],[]
275,[],[]
276,['tocopherol'],[]
277,['glycerin'],[]
278,['tocopherol'],[]
279,[],[]
280,[],[]
281,['linoleic acid'],[]
282,['tocopherol'],[]
283,['tocopherol'],[]
284,[],[]
285,"['panthenol', 'ethylhexyl glycerin']",[]
286,"['tocopherol', 'tocopherol']",[]
287,['tocopherol'],[]
288,[],[]
289,['tocopherol'],[]
290,[],[]
291,[],[]
292,"['tocopherol', 'titanium dioxide']",[]
293,[],[]
294,[],[]
295,[],[]
296,[],[]
297,[],[]
298,['tocopherol'],[]
299,['glycerin'],[]
300,"['glycerin', 'sodium hyaluronate']",[]
301,['tocopherol'],[]
302,"['tocopherol', 'glycerin', 'sodium hyaluronate']",[]
303,['tocopherol'],[]
304,[],[]
305,"['glycerin', 'sodium hyaluronate', 'tocopherol']",[]
306,"['niacinamide', 'sodium hyaluronate', 'panthenol']",['dipropylene glycol']
307,"['glycerin', 'tocopherol', 'sodium hyaluronate']",[]
308,"['glycerin', 'allantoin']",[]
309,"['glycerin', 'sodium hyaluronate', 'tocopherol']",[]
310,"['glycerin', 'ethylhexyl glycerin', 'allantoin']",['dipropylene glycol']
311,"['glycerin', 'tocopherol']",['propylene glycol']
312,['tocopherol'],[]
313,['glycerin'],[]
314,['tocopherol'],['dipropylene glycol']
315,"['glycerin', 'ethylhexyl glycerin']",[]
316,"['glycerin', 'ethylhexyl glycerin', 'sodium hyaluronate']",[]
317,"['glycerin', 'ethylhexyl glycerin']",[]
318,"['tocopherol', 'glycerin']",[]
319,"['glycerin', 'sodium hyaluronate', 'ethylhexyl glycerin']",[]
320,['tocopherol'],[]
321,"['glycerin', 'niacinamide', 'ethylhexyl glycerin', 'allantoin', 'sodium hyaluronate']",['dipropylene glycol']
322,['glycerin'],[]
323,"['glycerin', 'ethylhexyl glycerin', 'sodium hyaluronate']",[]
324,"['glycerin', 'ethylhexyl glycerin']",[]
325,['glycerin'],[]
326,['glycerin'],[]
327,"['tocopherol', 'glycerin']",[]
328,['glycerin'],[]
329,[],[]
330,"['glycerin', 'ethylhexyl glycerin']",[]
331,['wheat amino acids'],[]
332,"['glycerin', 'ethylhexyl glycerin', 'allantoin']",[]
333,['glycerin'],[]
334,"['glycerin', 'centella asiatica extract']",[]
335,['glycerin'],['benzophenone-4']
336,['glycerin'],[]
337,['hydrolyzed sodium hyaluronate'],[]
338,"['glycerin', 'ethylhexyl glycerin']",[]
339,[],[]
340,"['glycerin', 'allantoin']",[]
341,[],[]
342,['glycerin'],[]
343,"['glycerin', 'ethylhexyl glycerin']",[]
344,[],[]
345,"['niacinamide', 'diglycerin', 'ethylhexyl glycerin', 'glycerin', 'allantoin', 'sodium hyaluronate']",[]
346,"['glycerin', 'sodium hyaluronate']",[]
347,"['glycerin', 'tocopherol']",[]
348,"['glycerin', 'ethylhexyl glycerin']",[]
349,"['glycerin', 'ethylhexyl glycerin']",[]
350,['tocopherol'],['benzophenone-3']
351,['glycerin'],[]
352,['glycerin'],['dipropylene glycol']
353,"['glycerin', 'ethylhexyl glycerin']",[]
354,"['glycerin', 'niacinamide', 'yeast amino acids']",[]
355,"['centella asiatica extract', 'ethylhexyl glycerin']",[]
356,['glycerin'],[]
357,"['glycerin', 'panthenol', 'sodium hyaluronate', 'titanium dioxide']",['propylene glycol']
358,['glycerin'],['propylene glycol']
359,"['glycerin', 'centella asiatica extract', 'ethylhexyl glycerin']",['dipropylene glycol']
360,"['glycerin', 'hydrolyzed sodium hyaluronate', 'tocopherol']",[]
361,['ethylhexyl glycerin'],[]
362,"['panthenol', 'glycerin']",['propylene glycol']
363,['glycerin'],['propylene glycol']
364,"['glycerin', 'ethylhexyl glycerin']",[]
365,"['glycerin', 'ethylhexyl glycerin']",[]
366,"['zinc oxide', 'titanium dioxide', 'tocopherol', 'capryloyl glycerin/sebacic acid copolymer']",[]
367,"['glycerin', 'sodium hyaluronate', 'centella asiatica extract', 'ethylhexyl glycerin']",[]
368,"['glycerin', 'panthenol', 'allantoin', 'ethylhexyl glycerin', 'sodium hyaluronate']",[]
369,"['panthenol', 'sodium hyaluronate']",[]
370,[],['propylene glycol']
371,['glycerin'],[]
372,[],[]
373,['sodium hyaluronate'],[]
374,"['ethylhexyl glycerin', 'glycerin', 'sodium hyaluronate']",[]
375,"['glycerin', 'ethylhexyl glycerin']",[]
376,['glycerin'],[]
377,"['glycerin', 'allantoin', 'niacinamide']",[]
378,"['glycerin', 'tocopherol', 'sodium hyaluronate']",[]
379,"['glycerin', 'sodium hyaluronate']",[]
380,['glycerin'],[]
381,"['glycerin', 'ethylhexyl glycerin']",[]
382,"['glycerin', 'ethylhexyl glycerin', 'allantoin']",['propylene glycol']
383,['glycerin'],[]
384,['ethylhexyl glycerin'],[]
385,['tocopherol'],[]
386,"['tocopherol', 'allantoin']",[]
387,"['glycerin', 'panthenol', 'tocopherol', 'titanium dioxide']",[]
388,"['glycerin', 'tocopherol']",[]
389,['tocopherol'],[]
390,"['glycerin', 'panthenol', 'tocopherol', 'titanium dioxide']",[]
391,"['panthenol', 'tocopherol']",[]
392,['tocopherol'],[]
393,['titanium dioxide'],[]
394,['tocopherol'],[]
395,['tocopherol'],[]
396,['tocopherol'],[]
397,"['glycerin', 'tocopherol', 'allantoin']",[]
398,['tocopherol'],[]
399,['tocopherol'],[]
400,"['centella asiatica extract', 'titanium dioxide']",[]
401,"['tocopherol', 'sodium hyaluronate', 'titanium dioxide']",[]
402,['tocopherol'],[]
403,['tocopherol'],[]
404,[],[]
405,"['tocopherol', 'titanium dioxide']",[]
406,['tocopherol'],[]
407,"['glycerin', 'tocopherol']",[]
408,"['glycerin', 'panthenol', 'allantoin', 'ethylhexyl glycerin', 'tocopherol']",['propylene glycol']
409,[],[]
410,['tocopherol'],[]
411,[],[]
412,"['glycerin', 'ethylhexyl glycerin']",['propylene glycol']
413,['tocopherol'],[]
414,"['glycerin', 'allantoin']",[]
415,[],[]
416,[],[]
417,"['tocopherol', 'titanium dioxide', 'sodium hyaluronate']",[]
418,['tocopherol'],[]
419,['tocopherol'],[]
420,['titanium dioxide'],[]
421,"['titanium dioxide', 'tocopherol', 'titanium dioxide']",['benzophenone-3']
422,['glycerin'],[]
423,['glycerin'],[]
424,"['tocopherol', 'tocopherol']",[]
425,"['tocopherol', 'ethylhexyl glycerin']",[]
426,['glycerin'],[]
427,"['glycerin', 'panthenol', 'allantoin', 'ethylhexyl glycerin', 'tocopherol']",[]
428,"['glycerin', 'tocopherol']",['dipropylene glycol']
429,"['polyglycerin-3', 'tocopherol']",[]
430,['tocopherol'],[]
431,"['glycerin', 'tocopherol']",[]
432,[],[]
433,"['glycerin', 'dexpanthenolum', 'allantoin', 'ethylhexyl glycerin', 'zinc oxide']",['dipropylene glycol']
434,"['tocopherol', 'sodium hyaluronate', 'titanium dioxide']",[]
435,"['glycerin', 'panthenol', 'sodium hyaluronate', 'tocopherol', 'ethylhexyl glycerin']",[]
436,"['glycerin', 'panthenol', 'tocopherol']",['propylene glycol']
437,"['glycerin', 'tocopherol']",[]
438,"['glycerin', 'allantoin', 'ethylhexyl glycerin']","['dipropylene glycol', 'propylene glycol']"
439,"['glycerin', 'tocopherol']",[]
440,[],[]
441,"['glycerin', 'sodium hyaluronate']",[]
442,"['glycerin', 'polyglycerin-3', 'centella asiatica extract', 'tocopherol']",[]
443,[],[]
444,['linoleic acid'],[]
445,['glycerin'],[]
446,"['glycerin', 'sodium hyaluronate']",['propylene glycol']
447,"['glycerin', 'panthenol', 'tocopherol', 'allantoin', 'ethylhexyl glycerin']",[]
448,"['glycerin', 'sodium hyaluronate', 'ethylhexyl glycerin']",['dipropylene glycol']
449,"['glycerin', 'sodium hyaluronate']",[]
450,"['glycerin', 'centella asiatica extract', 'allantoin', 'panthenol', 'ethylhexyl glycerin']",['dipropylene glycol']
451,"['glycerin', 'centella asiatica extract', 'ethylhexyl glycerin', 'allantoin', 'sodium hyaluronate']",['dipropylene glycol']
452,"['glycerin', 'tocopherol']",[]
453,"['glycerin', 'sodium hyaluronate']",['propylene glycol']
454,"['niacinamide', 'glycerin', 'centella asiatica extract', 'ethylhexyl glycerin', 'sodium hyaluronate']","['dipropylene glycol', 'propylene glycol']"
455,"['glycerin', 'centella asiatica extract', 'panthenol', 'ethylhexyl glycerin', 'allantoin', 'sodium hyaluronate']",['dipropylene glycol']
456,"['glycerin', 'sodium hyaluronate']",['propylene glycol']
457,"['glycerin', 'sodium hyaluronate']",['propylene glycol']
458,"['glycerin', 'tocopherol']",[]
459,"['glycerin', 'ethylhexyl glycerin', 'sodium hyaluronate', 'tocopherol', 'titanium dioxide']",[]
460,"['glycerin', 'sodium hyaluronate']",['propylene glycol']
461,"['glycerin', 'centella asiatica extract', 'ethylhexyl glycerin']","['dipropylene glycol', 'propylene glycol']"
462,"['panthenol', 'glycerin', 'titanium dioxide', 'titanium dioxide', 'tocopherol']",[]
463,"['glycerin', 'capryloyl glycerin/sebacic acid copolymer', 'tocopherol', 'allantoin', 'sodium hyaluronate', 'panthenol']",[]
464,"['glycerin', 'panthenol', 'tocopherol', 'allantoin', 'ethylhexyl glycerin']",[]
465,"['glycerin', 'tocopherol', 'sodium hyaluronate', 'panthenol', 'allantoin']",[]
466,"['glycerin', 'centella asiatica extract', 'allantoin', 'panthenol', 'ethylhexyl glycerin']",['dipropylene glycol']
467,"['glycerin', 'sodium hyaluronate']",['propylene glycol']
468,"['glycerin', 'sodium hyaluronate']",[]
469,['glycerin'],[]
470,"['glycerin', 'sodium hyaluronate']",['propylene glycol']
471,"['glycerin', 'sodium hyaluronate']",['propylene glycol']
472,['marine collagen'],[]
473,"['glycerin', 'niacinamide', 'titanium dioxide', 'sodium hyaluronate', 'allantoin']",[]
474,"['glycerin', 'panthenol', 'sodium hyaluronate', 'ethylhexyl glycerin', 'tocopherol', 'titanium dioxide']",[]
475,['glycerin'],[]
476,"['glycerin', 'centella asiatica extract', 'ethylhexyl glycerin', 'allantoin', 'sodium hyaluronate']",['dipropylene glycol']
477,['glycerin'],[]
478,"['glycerin', 'panthenol', 'allantoin', 'linoleic acid']","['dipropylene glycol', 'propylene glycol']"
479,"['glycerin', 'sodium hyaluronate']",[]
480,"['glycerin', 'centella asiatica extract', 'allantoin', 'panthenol', 'ethylhexyl glycerin']",['dipropylene glycol']
481,"['glycerin', 'panthenol', 'sodium hyaluronate', 'ethylhexyl glycerin', 'tocopherol', 'titanium dioxide']",[]
482,"['glycerin', 'panthenol', 'allantoin', 'sodium hyaluronate', 'centella asiatica extract', 'ethylhexyl glycerin']",[]
483,"['glycerin', 'panthenol', 'sodium hyaluronate']",[]
484,"['titanium dioxide', 'glycerin', 'tocopherol', 'panthenol', 'ethylhexyl glycerin']",[]
485,[],[]
486,"['glycerin', 'ethylhexyl glycerin']",[]
487,"['glycerin', 'sodium hyaluronate']",[]
488,"['glycerin', 'allantoin', 'ethylhexyl glycerin', 'centella asiatica extract']",[]
489,"['glycerin', 'niacinamide', 'tocopherol', 'sodium hyaluronate', 'ethylhexyl glycerin', 'allantoin']",[]
490,"['glycerin', 'sodium hyaluronate']",['methylisothiazolinone']
491,"['glycerin', 'ethylhexyl glycerin', 'sodium hyaluronate', 'titanium dioxide']","['propylene glycol laurate', 'propylene glycol stearate']"
492,"['glycerin', 'sodium hyaluronate', 'panthenol', 'allantoin', 'tocopherol']",[]
493,"['glycerin', 'niacinamide', 'sodium hyaluronate', 'titanium dioxide', 'allantoin', 'ethylhexyl glycerin']",['propylene glycol']
494,"['glycerin', 'centella asiatica extract', 'allantoin', 'linoleic acid', 'sodium hyaluronate', 'oleic acid', 'tocopherol']",[]
495,"['tocopherol', 'hydrolyzed sodium hyaluronate']",['dipropylene glycol']
496,"['glycerin', 'sodium hyaluronate']",['propylene glycol']
497,['glycerin'],[]
498,"['glycerin', 'panthenol', 'tocopherol', 'sodium hyaluronate', 'ethylhexyl glycerin']",[]
499,"['glycerin', 'ethylhexyl glycerin', 'sodium hyaluronate']",[]
500,"['glycerin', 'panthenol', 'sodium hyaluronate']",[]
501,"['glycerin', 'allantoin', 'sodium hyaluronate', 'tocopherol']",['dipropylene glycol']
502,['glycerin'],['methylisothiazolinone']
503,['polyglycerin-10'],['propylene glycol']
504,"['glycerin', 'ethylhexyl glycerin']","['propylene glycol stearate', 'propylene glycol laurate']"
505,"['allantoin', 'glycerin']",['propylene glycol']
506,"['panthenol', 'tocopherol', 'ethylhexyl glycerin']",[]
507,"['glycerin', 'niacinamide', 'ethylhexyl glycerin', 'allantoin']",[]
508,"['glycerin', 'panthenol', 'tocopherol']",[]
509,"['glycerin', 'niacinamide', 'allantoin', 'centella asiatica extract', 'ethylhexyl glycerin', 'sodium hyaluronate']",[]
510,"['glycerin', 'sodium hyaluronate']",[]
511,[],['propylene glycol']
512,"['glycerin', 'ethylhexyl glycerin', 'polyglycerin-10']",[]
513,['sodium hyaluronate'],[]
514,"['glycerin', 'panthenol']",['dipropylene glycol']
515,"['glycerin', 'allantoin']",['propylene glycol']
516,"['glycerin', 'sodium hyaluronate', 'hydrolyzed collagen', 'niacinamide', 'allantoin', 'ethylhexyl glycerin']",['dipropylene glycol']
517,"['glycerin', 'panthenol', 'sodium hyaluronate', 'ethylhexyl glycerin', 'tocopherol']",[]
518,"['niacinamide', 'tocopherol']",['dipropylene glycol']
519,"['glycerin', 'titanium dioxide', 'ethylhexyl glycerin', 'sodium hyaluronate', 'centella asiatica extract', 'tocopherol']",['propylene glycol']
520,"['glycerin', 'ethylhexyl glycerin', 'panthenol', 'sodium hyaluronate', 'allantoin', 'hydrolyzed collagen']",[]
521,['glycerin'],[]
522,"['zinc oxide', 'titanium dioxide', 'glycerin']",[]
523,"['glycerin', 'niacinamide', 'allantoin', 'ethylhexyl glycerin', 'sodium hyaluronate', 'centella asiatica extract']",[]
524,['glycerin'],[]
525,"['glycerin', 'centella asiatica extract', 'sodium hyaluronate', 'ethylhexyl glycerin', 'hydrolyzed collagen']",['dipropylene glycol']
526,"['glycerin', 'titanium dioxide', 'allantoin']",[]
527,"['glycerin', 'diglycerin', 'panthenol', 'allantoin']",[]
528,"['glycerin', 'ethylhexyl glycerin']",[]
529,"['glycerin', 'niacinamide', 'peg/ppg/polybutylene glycol-8/5/3 glycerin']",['dipropylene glycol']
530,"['glycerin', 'zinc oxide', 'panthenol', 'allantoin', 'tocopherol']","['dmdm hydantoin', 'propylene glycol', 'triclosan', 'methylisothiazolinone']"
531,"['glycerin', 'centella asiatica extract', 'ethylhexyl glycerin']",['dipropylene glycol']
532,"['glycerin', 'hydrolyzed collagen', 'tocopherol']",[]
533,"['glycerin', 'sodium hyaluronate', 'ethylhexyl glycerin']",[]
534,"['glycerin', 'sodium hyaluronate', 'retinol']",[]
535,"['sodium hyaluronate', 'glycerin', 'ethylhexyl glycerin', 'titanium dioxide']",[]
536,"['glycerin', 'sodium hyaluronate', 'niacinamide']",[]
537,['glycerin'],[]
538,"['glycerin', 'hydrolyzed collagen', 'tocopherol']",[]
539,"['tocopherol', 'glycerin']",['dipropylene glycol']
540,"['glycerin', 'ethylhexyl glycerin', 'allantoin', 'tocopherol', 'sodium hyaluronate', 'panthenol', 'titanium dioxide']",[]
541,"['glycerin', 'ethylhexyl glycerin', 'allantoin']",['propylene glycol']
542,"['glycerin', 'panthenol', 'sodium hyaluronate', 'hydrolyzed sodium hyaluronate']",[]
543,"['glycerin', 'panthenol', 'ethylhexyl glycerin', 'sodium hyaluronate']",[]
544,"['glycerin', 'sodium hyaluronate', 'tocopherol']",[]
545,"['glycerin', 'allantoin']",['propylene glycol']
546,"['glycerin', 'ethylhexyl glycerin']",[]
547,"['glycerin', 'sodium hyaluronate', 'ethylhexyl glycerin']",['propylene glycol']
548,"['glycerin', 'niacinamide', 'centella asiatica extract', 'titanium dioxide', 'sodium hyaluronate', 'ethylhexyl glycerin', 'sodium hyaluronate']",['dipropylene glycol']
549,"['glycerin', 'zinc oxide', 'panthenol', 'allantoin', 'tocopherol']","['dmdm hydantoin', 'propylene glycol', 'triclosan', 'methylisothiazolinone']"
550,"['glycerin', 'panthenol', 'hydrolyzed collagen', 'sodium hyaluronate', 'ethylhexyl glycerin']","['propylene glycol', 'propylene glycol dicaprylate']"
551,"['glycerin', 'titanium dioxide', 'tocopherol']",[]
552,"['glycerin', 'polyglycerin-10']",[]
553,"['glycerin', 'titanium dioxide', 'ethylhexyl glycerin', 'panthenol', 'sodium hyaluronate', 'tocopherol']",[]
554,"['glycerin', 'zinc oxide', 'tocopherol', 'ethylhexyl glycerin']",[]
555,"['glycerin', 'tocopherol']",[]
556,['glycerin'],[]
557,"['glycerin', 'tocopherol', 'sodium hyaluronate']",[]
558,"['glycerin', 'glycerin', 'sodium hyaluronate', 'tocopherol', 'tocopherol']",['propylene glycol']
559,"['glycerin', 'titanium dioxide']",[]
560,"['glycerin', 'retinol']",['dipropylene glycol']
561,"['titanium dioxide', 'yeast amino acids']",[]
562,"['glycerin', 'niacinamide', 'centella asiatica extract', 'sodium hyaluronate', 'ethylhexyl glycerin']",['dipropylene glycol']
563,"['glycerin', 'hydrolyzed collagen', 'sodium hyaluronate', 'ethylhexyl glycerin']",['propylene glycol']
564,"['glycerin', 'sodium hyaluronate', 'panthenol', 'ethylhexyl glycerin', 'allantoin']",[]
565,"['glycerin', 'centella asiatica extract', 'titanium dioxide', 'ethylhexyl glycerin', 'sodium hyaluronate']",['dipropylene glycol']
566,"['glycerin', 'sodium hyaluronate', 'ethylhexyl glycerin', 'allantoin']",[]
567,"['glycerin', 'zinc oxide']",[]
568,"['titanium dioxide', 'glycerin', 'tocopherol', 'panthenol', 'ethylhexyl glycerin']",[]
569,"['glycerin', 'tocopherol']",['propylene glycol']
570,"['glycerin', 'sodium hyaluronate', 'ethylhexyl glycerin']",[]
571,"['glycerin', 'sodium hyaluronate', 'ethylhexyl glycerin']",[]
572,"['glycerin', 'ethylhexyl glycerin']",[]
573,"['glycerin', 'niacinamide', 'tocopherol']",['propylene glycol']
574,"['glycerin', 'ethylhexyl glycerin', 'allantoin', 'tocopherol']",['propylene glycol']
575,['tocopherol'],[]
576,[],['propylene glycol']
577,"['glycerin', 'sodium hyaluronate', 'yeast amino acids']",['propylene glycol caprylate']
578,"['sodium hyaluronate', 'glycerin']",[]
579,"['retinol', 'allantoin', 'rice amino acids']",[]
580,[],[]
581,"['glycerin', 'retinol', 'allantoin', 'tocopherol', 'ethylhexyl glycerin']",[]
582,"['glycerin', 'retinol', 'panthenol', 'allantoin', 'sodium hyaluronate', 'ethylhexyl glycerin']",[]
583,"['glycerin', 'ethylhexyl glycerin', 'tocopherol']",['propylene glycol dicaprylate']
584,"['allantoin', 'glycerin', 'ethylhexyl glycerin']",[]
585,"['glycerin', 'ethylhexyl glycerin']",[]
586,['sodium hyaluronate'],['propylene glycol caprylate']
587,"['glycerin', 'allantoin', 'panthenol']",['propylene glycol']
588,"['glycerin', 'niacinamide', 'allantoin', 'ethylhexyl glycerin']",[]
589,"['glycerin', 'tocopherol', 'ethylhexyl glycerin']",[]
590,"['sodium hyaluronate', 'glycerin', 'allantoin', 'niacinamide', 'ethylhexyl glycerin']",[]
591,"['glycerin', 'tocopherol']",[]
592,"['glycerin', 'ethylhexyl glycerin', 'titanium dioxide']",[]
593,"['glycerin', 'niacinamide']",['propylene glycol']
594,"['glycerin', 'ethylhexyl glycerin']",['propylene glycol']
595,"['glycerin', 'allantoin', 'ethylhexyl glycerin', 'tocopherol']","['propylene glycol', 'methylisothiazolinone']"
596,"['glycerin', 'allantoin']",[]
597,[],[]
598,"['titanium dioxide', 'glycerin', 'hydrolyzed collagen', 'sodium hyaluronate', 'tocopherol']",[]
599,"['niacinamide', 'glycerin']",[]
600,"['glycerin', 'ethylhexyl glycerin']",[]
601,"['glycerin', 'panthenol', 'tocopherol']",[]
602,"['niacinamide', 'glycerin', 'sodium hyaluronate', 'tocopherol', 'ethylhexyl glycerin']",[]
603,"['ethylhexyl glycerin', 'sodium hyaluronate']",[]
604,"['glycerin', 'sodium hyaluronate']",[]
605,"['glycerin', 'linoleic acid', 'sodium hyaluronate']",[]
606,"['glycerin', 'tocopherol']",[]
607,"['glycerin', 'niacinamide']",[]
608,"['glycerin', 'ethylhexyl glycerin', 'linoleic acid', 'sodium hyaluronate', 'tocopherol']",[]
609,"['glycerin', 'retinol', 'tocopherol', 'allantoin', 'sodium hyaluronate', 'atelocollagen', 'linoleic acid', 'oleic acid', 'ethylhexyl glycerin', 'titanium dioxide']",['dipropylene glycol']
610,['retinol'],[]
611,"['linoleic acid', 'glycerin']",[]
612,"['glycerin', 'niacinamide', 'sodium hyaluronate']",[]
613,"['glycerin', 'sodium hyaluronate']",[]
614,"['glycerin', 'sodium hyaluronate', 'retinol']",['propylene glycol']
615,"['glycerin', 'panthenol', 'ethylhexyl glycerin']",[]
616,"['glycerin', 'panthenol', 'retinol', 'hydrolyzed collagen', 'tocopherol', 'sodium hyaluronate', 'ethylhexyl glycerin']",[]
617,"['glycerin', 'sodium hyaluronate']",['propylene glycol']
618,"['glycerin', 'dimethicon/polyglycerin-3 crosspolymer', 'sodium hyaluronate']",['dipropylene glycol']
619,"['glycerin', 'tocopherol']",[]
620,"['glycerin', 'sodium hyaluronate', 'hydrolyzed sodium hyaluronate']",[]
621,"['glycerin', 'hydrolyzed sodium hyaluronate', 'tocopherol']",[]
622,[],[]
623,"['glycerin', 'titanium dioxide', 'niacinamide', 'ethylhexyl glycerin', 'sodium hyaluronate', 'tocopherol']",['propylene glycol']
624,"['glycerin', 'sodium hyaluronate', 'ethylhexyl glycerin']",['propylene glycol dicoco-caprylate']
625,['glycerin'],[]
626,['glycerin'],['dipropylene glycol']
627,"['glycerin', 'titanium dioxide', 'sodium hyaluronate']",[]
628,"['glycerin', 'panthenol', 'sodium hyaluronate', 'hydrolyzed sodium hyaluronate', 'titanium dioxide']",['propylene glycol']
629,"['glycerin', 'sodium hyaluronate']",[]
630,"['glycerin', 'tocopherol']",['propylene glycol']
631,"['glycerin', 'sodium hyaluronate', 'niacinamide', 'ethylhexyl glycerin', 'tocopherol']",['propylene glycol']
632,"['glycerin', 'sodium hyaluronate', 'linoleic acid', 'titanium dioxide']",['propylene glycol dicaprylate']
633,"['glycerin', 'allantoin', 'ethylhexyl glycerin', 'hydrolyzed collagen']",['dipropylene glycol']
634,"['glycerin', 'ethylhexyl glycerin', 'tocopherol']",[]
635,"['glycerin', 'retinol', 'panthenol', 'titanium dioxide']",[]
636,"['glycerin', 'niacinamide', 'peg/ppg/polybutylene glycol-8/5/3 glycerin', 'titanium dioxide']",[]
637,[],[]
638,"['glycerin', 'tocopherol', 'panthenol']",[]
639,"['panthenol', 'allantoin']",['sodium laureth sulfate']
640,"['glycerin', 'niacinamide', 'titanium dioxide']",[]
641,[],[]
642,"['glycerin', 'linoleic acid', 'sodium hyaluronate', 'titanium dioxide']",[]
643,"['glycerin', 'niacinamide', 'sodium hyaluronate', 'polyglycerin-3']",[]
644,"['glycerin', 'panthenol', 'ethylhexyl glycerin', 'sodium hyaluronate']",[]
645,['panthenol'],[]
646,"['glycerin', 'panthenol', 'tocopherol']",[]
647,"['glycerin', 'sodium hyaluronate', 'ethylhexyl glycerin', 'tocopherol']",[]
648,"['glycerin', 'sodium hyaluronate', 'panthenol']",[]
649,"['glycerin', 'sodium hyaluronate', 'titanium dioxide']",[]
650,"['glycerin', 'titanium dioxide', 'hydrolyzed sodium hyaluronate']",[]
651,"['glycerin', 'titanium dioxide']",[]
652,['glycerin'],[]
653,"['shea butter oleyl esters', 'glycerin', 'ethylhexyl glycerin']",[]
654,"['glycerin', 'sodium hyaluronate']",[]
655,"['glycerin', 'tocopherol', 'sodium hyaluronate']",[]
656,"['glycerin', 'tocopherol']",[]
657,"['glycerin', 'tocopherol']",['dipropylene glycol']
658,"['titanium dioxide', 'glycerin', 'allantoin']",['propylene glycol']
659,"['centella asiatica', 'sodium hyaluronate', 'panthenol']",[]
660,"['glycerin', 'titanium dioxide', 'sodium hyaluronate', 'tocopherol']",['propylene glycol dicaprylate']
661,"['glycerin', 'titanium dioxide', 'tocopherol', 'sodium hyaluronate', 'ethylhexyl glycerin', 'sodium hyaluronate']",[]
662,"['sodium hyaluronate', 'glycerin', 'ethylhexyl glycerin', 'sodium hyaluronate']",['dmdm hydantoin']
663,"['glycerin', 'soluble collagen', 'panthenol', 'centella asiatica extract']",[]
664,"['panthenol', 'tocopherol']",['methylisothiazolinone']
665,"['rice amino acids', 'retinol', 'centella asiatica extract', 'panthenol', 'titanium dioxide']",[]
666,"['glycerin', 'sodium hyaluronate']",[]
667,"['glycerin', 'panthenol', 'sodium hyaluronate', 'ethylhexyl glycerin', 'titanium dioxide']",[]
668,[],['dipropylene glycol']
669,['sodium hyaluronate'],[]
670,"['tocopherol', 'sodium hyaluronate', 'hydrolyzed sodium hyaluronate', 'ethylhexyl glycerin']",[]
671,"['glycerin', 'ethylhexyl glycerin', 'tocopherol']",[]
672,"['glycerin', 'panthenol', 'sodium hyaluronate', 'linoleic acid', 'titanium dioxide']",[]
673,[],[]
674,"['zinc oxide', 'titanium dioxide', 'glycerin', 'panthenol', 'centella asiatica extract', 'tocopherol']",[]
675,"['glycerin', 'sodium hyaluronate', 'tocopherol', 'soluble collagen']",[]
676,"['titanium dioxide', 'glycerin', 'linoleic acid', 'sodium hyaluronate']",[]
677,[],[]
678,"['retinol', 'sodium hyaluronate', 'soluble collagen', 'allantoin', 'panthenol', 'wheat amino acids', 'oleic acid']","['propylene glycol stearate', 'propylene glycol']"
679,[],[]
680,"['glycerin', 'tocopherol', 'ethylhexyl glycerin']",[]
681,"['glycerin', 'titanium dioxide']",['propylene glycol']
682,"['glycerin', 'sodium hyaluronate', 'allantoin', 'panthenol']",[]
683,[],[]
684,"['glycerin', 'allantoin']",[]
685,"['glycerin', 'hydrolyzed sodium hyaluronate', 'titanium dioxide']",[]
686,"['glycerin', 'sodium hyaluronate', 'ethylhexyl glycerin']",[]
687,"['glycerin', 'panthenol', 'retinol', 'sodium hyaluronate', 'allantoin']",[]
688,"['glycerin', 'hydrolyzed sodium hyaluronate', 'niacinamide', 'sodium hyaluronate', 'tocopherol', 'ethylhexyl glycerin']",[]
689,"['panthenol', 'tocopherol']",['methylisothiazolinone']
690,"['glycerin', 'sodium hyaluronate', 'tocopherol', 'titanium dioxide']",[]
691,"['glycerin', 'panthenol', 'titanium dioxide', 'ethylhexyl glycerin', 'allantoin', 'hydrolyzed sodium hyaluronate', 'tocopherol']",[]
692,"['glycerin', 'titanium dioxide', 'sodium hyaluronate']",[]
693,"['glycerin', 'tocopherol']",[]
694,"['glycerin', 'niacinamide', 'tocopherol']",[]
695,['dimethicon/polyglycerin-3 crosspolymer'],['dipropylene glycol']
696,"['sodium hyaluronate', 'centella asiatica extract']",[]
697,"['titanium dioxide', 'ethylhexyl glycerin', 'sodium hyaluronate', 'centella asiatica extract']",[]
698,"['glycerin', 'tocopherol']",[]
699,"['glycerin', 'titanium dioxide', 'sodium hyaluronate']",[]
700,"['tocopherol', 'sodium hyaluronate', 'glycerin', 'titanium dioxide']",[]
701,"['sodium hyaluronate', 'glycerin', 'titanium dioxide']",[]
702,"['glycerin', 'ethylhexyl glycerin', 'sodium hyaluronate', 'tocopherol']",[]
703,"['glycerin', 'ethylhexyl glycerin', 'sodium hyaluronate', 'tocopherol']",[]
704,"['glycerin', 'tocopherol', 'ethylhexyl glycerin']",[]
705,"['glycerin', 'niacinamide', 'sodium hyaluronate', 'ethylhexyl glycerin']",['propylene glycol']
706,"['glycerin', 'niacinamide', 'hydrolyzed sodium hyaluronate', 'ethylhexyl glycerin']",[]
707,"['glycerin', 'ethylhexyl glycerin']",[]
708,"['glycerin', 'tocopherol']",[]
709,['glycerin'],[]
710,"['glycerin', 'niacinamide']",['sodium laureth sulfate']
711,[],['sodium laureth sulfate']
712,[],['sodium laureth sulfate']
713,"['glycerin', 'tocopherol']",[]
714,['tocopherol'],[]
715,['sodium hyaluronate'],['sodium laureth sulfate']
716,"['glycerin', 'tocopherol']",['propylene glycol']
717,"['glycerin', 'allantoin']",[]
718,['glycerin'],[]
719,['glycerin'],[]
720,"['glycerin', 'panthenol', 'ethylhexyl glycerin']",['propylene glycol']
721,['glycerin'],[]
722,['glycerin'],[]
723,"['glycerin', 'ethylhexyl glycerin']",[]
724,"['glycerin', 'hydrolyzed sodium hyaluronate', 'ethylhexyl glycerin']","['sodium lauryl sulfate', 'propylene glycol']"
725,"['glycerin', 'tocopherol']",[]
726,['glycerin'],['sodium laureth sulfate']
727,"['glycerin', 'tocopherol']",[]
728,"['glycerin', 'niacinamide']",['propylene glycol']
729,"['glycerin', 'ethylhexyl glycerin']",['dipropylene glycol']
730,"['glycerin', 'panthenol', 'ethylhexyl glycerin']",['propylene glycol']
731,['glycerin'],['methylisothiazolinone']
732,[],[]
733,[],['propylene glycol']
734,"['glycerin', 'sodium hyaluronate']",[]
735,['glycerin'],"['sodium laureth sulfate', 'propylene glycol']"
736,['glycerin'],[]
737,[],[]
738,"['glycerin', 'panthenol', 'ethylhexyl glycerin']",[]
739,"['glycerin', 'sodium hyaluronate']",[]
740,"['panthenol', 'glycerin']","['sodium laureth sulfate', 'peg-55 propylene glycol oleate', 'propylene glycol']"
741,['glycerin'],[]
742,"['allantoin', 'ethylhexyl glycerin']",[]
743,['glycerin'],"['sodium laureth sulfate', 'methylisothiazolinone']"
744,"['glycerin', 'ethylhexyl glycerin', 'tocopherol']",[]
745,[],['dipropylene glycol']
746,"['glycerin', 'allantoin', 'niacinamide', 'panthenol']",['sodium laureth sulfate']
747,[],['sodium laureth sulfate']
748,"['glycerin', 'sodium hyaluronate']",[]
749,['sodium hyaluronate'],"['propylene glycol', 'propylene glycol stearate se']"
750,"['glycerin', 'tocopherol']",[]
751,['glycerin'],"['sodium laureth sulfate', 'peg-55 propylene glycol oleate', 'propylene glycol']"
752,"['glycerin', 'tocopherol']",[]
753,['sodium hyaluronate'],['sodium laureth sulfate']
754,[],[]
755,[],[]
756,"['glycerin', 'peg-75 shea butter glycerides']","['sodium laureth sulfate', 'peg-55 propylene glycol oleate', 'propylene glycol']"
757,['glycerin'],['propylene glycol dicoco-caprylate']
758,"['glycerin', 'tocopherol']",[]
759,"['glycerin', 'tocopherol']",[]
760,['glycerin'],[]
761,[],['sodium laureth sulfate']
762,"['glycerin', 'tocopherol']","['propylene glycol', 'triclosan']"
763,"['diglycerin', 'glycerin', 'ethylhexyl glycerin', 'allantoin', 'panthenol']",['dipropylene glycol']
764,"['glycerin', 'ethylhexyl glycerin']",[]
765,['sodium hyaluronate'],[]
766,"['glycerin', 'tocopherol']",[]
767,['glycerin'],[]
768,"['glycerin', 'polyglycerin-10', 'tocopherol']","['sodium laureth sulfate', 'propylene glycol']"
769,"['sodium hyaluronate', 'allantoin', 'ethylhexyl glycerin']",[]
770,"['glycerin', 'titanium dioxide', 'tocopherol']",['propylene glycol']
771,[],[]
772,"['glycerin', 'ethylhexyl glycerin', 'sodium hyaluronate']",[]
773,['glycerin'],['sodium laureth sulfate']
774,['phthalic anhydride/glycerin/glycidyl decanoate copolymer'],['benzophenone-1']
775,['glycerin'],['methylisothiazolinone']
776,[],[]
777,[],[]
778,['glycerin'],[]
779,['glycerin'],[]
780,['glycerin'],[]
781,['tocopherol'],['propylene glycol']
782,"['glycerin', 'tocopherol']",[]
783,"['sodium hyaluronate', 'ethylhexyl glycerin']","['sodium laureth sulfate', 'methylisothiazolinone']"
784,"['glycerin', 'sodium hyaluronate']",['methylisothiazolinone']
785,[],[]
786,"['glycerin', 'ethylhexyl glycerin']",[]
787,['glycerin'],['dipropylene glycol']
788,['glycerin'],[]
789,"['tocopherol', 'glycerin']",[]
790,"['ethylhexyl glycerin', 'glycerin']",[]
791,[],['propylene glycol']
792,"['glycerin', 'titanium dioxide']",[]
793,"['glycerin', 'sodium hyaluronate', 'retinol']",[]
794,['glycerin'],[]
795,"['glycerin', 'sodium hyaluronate']",['sodium laureth sulfate']
796,['glycerin'],[]
797,['glycerin'],[]
798,"['glycerin', 'hydrolyzed sodium hyaluronate', 'ethylhexyl glycerin', 'tocopherol']",[]
799,[],['sodium laureth sulfate']
800,"['glycerin', 'sodium hyaluronate']","['sodium laureth sulfate', 'benzophenone-4']"
801,['tocopherol'],[]
802,"['glycerin', 'ethylhexyl glycerin']",[]
803,['glycerin'],[]
804,['glycerin'],[]
805,['glycerin'],[]
806,"['glycerin', 'ethylhexyl glycerin']",[]
807,['glycerin'],[]
808,"['glycerin', 'tocopherol']",[]
809,"['glycerin', 'polyglycerin-10']","['sodium laureth sulfate', 'propylene glycol']"
810,['titanium dioxide'],[]
811,['glycerin'],[]
812,"['glycerin', 'tocopherol']",[]
813,"['glycerin', 'tocopherol']",['propylene glycol']
814,['titanium dioxide'],[]
815,['glycerin'],[]
816,"['glycerin', 'titanium dioxide']",[]
817,"['glycerin', 'ethylhexyl glycerin', 'panthenol']",[]
818,"['glycerin', 'panthenol', 'sodium hyaluronate', 'retinol', 'ethylhexyl glycerin']",[]
819,['glycerin'],['propylene glycol']
820,[],[]
821,[],[]
822,"['glycerin', 'tocopherol', 'panthenol', 'allantoin', 'ethylhexyl glycerin']",[]
823,"['glycerin', 'panthenol', 'sodium hyaluronate', 'retinol', 'ethylhexyl glycerin']",[]
824,"['glycerin', 'sodium hyaluronate', 'ethylhexyl glycerin']",[]
825,[],[]
826,['glycerin'],['propylene glycol']
827,"['glycerin', 'sodium hyaluronate']",[]
828,"['glycerin', 'sodium hyaluronate']",[]
829,"['glycerin', 'sodium hyaluronate', 'ethylhexyl glycerin']",[]
830,['glycerin'],[]
831,['glycerin'],[]
832,[],[]
833,['glycerin'],[]
834,"['glycerin', 'allantoin', 'panthenol', 'sodium hyaluronate']",['propylene glycol']
835,"['glycerin', 'ethylhexyl glycerin', 'allantoin']",['dipropylene glycol']
836,"['glycerin', 'panthenol']",['propylene glycol']
837,"['glycerin', 'sodium hyaluronate']",[]
838,"['glycerin', 'sodium hyaluronate']",['benzophenone-4']
839,"['glycerin', 'sodium hyaluronate']",['benzophenone-4']
840,"['glycerin', 'sodium hyaluronate']",[]
841,"['glycerin', 'sodium hyaluronate']",[]
842,"['glycerin', 'sodium hyaluronate']",[]
843,"['glycerin', 'panthenol']",[]
844,"['glycerin', 'sodium hyaluronate', 'ethylhexyl glycerin']",[]
845,['glycerin'],[]
846,['glycerin'],[]
847,[],[]
848,"['glycerin', 'tocopherol']",['methylisothiazolinone']
849,"['glycerin', 'allantoin', 'sodium hyaluronate']",[]
850,[],[]
851,"['glycerin', 'hydrolyzed sodium hyaluronate', 'titanium dioxide']",[]
852,"['glycerin', 'ethylhexyl glycerin', 'allantoin']",['dipropylene glycol']
853,['titanium dioxide'],[]
854,"['glycerin', 'panthenol']",[]
855,['glycerin'],[]
856,['glycerin'],[]
857,['glycerin'],[]
858,['glycerin'],['propylene glycol']
859,['glycerin'],[]
860,['glycerin'],[]
861,['glycerin'],[]
862,"['yeast amino acids', 'tocopherol', 'glycerin']",[]
863,"['glycerin', 'panthenol', 'ethylhexyl glycerin']",[]
864,"['glycerin', 'allantoin']",['propylene glycol']
865,"['glycerin', 'panthenol', 'ethylhexyl glycerin', 'tocopherol']",[]
866,[],['benzophenone-4']
867,"['glycerin', 'sodium hyaluronate']",[]
868,['glycerin'],[]
869,['glycerin'],['benzophenone-4']
870,['ethylhexyl glycerin'],[]
871,[],[]
872,"['allantoin', 'ethylhexyl glycerin']",[]
873,"['glycerin', 'sodium hyaluronate', 'panthenol', 'niacinamide', 'allantoin', 'ethylhexyl glycerin']","['dipropylene glycol', 'propylene glycol']"
874,"['glycerin', 'tocopherol']",[]
875,"['allantoin', 'centella asiatica extract', 'glycerin', 'ethylhexyl glycerin']",[]
876,"['glycerin', 'allantoin']",[]
877,"['allantoin', 'ethylhexyl glycerin', 'glycerin']",[]
878,[],[]
879,['betaine glycerin'],[]
880,"['allantoin', 'diglycerin', 'ethylhexyl glycerin', 'glycerin']",[]
881,['glycerin'],[]
882,"['glycerin', 'sodium hyaluronate', 'rice amino acids', 'ethylhexyl glycerin', 'tocopherol']",['dipropylene glycol']
883,"['niacinamide', 'glycerin', 'sodium hyaluronate']",['dipropylene glycol']
884,['glycerin'],[]
885,"['glycerin', 'sodium hyaluronate', 'panthenol', 'ethylhexyl glycerin']",[]
886,"['centella asiatica extract', 'ethylhexyl glycerin']",[]
887,['glycerin'],[]
888,"['glycerin', 'sodium hyaluronate', 'ethylhexyl glycerin']",[]
889,['tocopherol'],[]
890,"['glycerin', 'tocopherol']",[]
891,['glycerin'],"['sodium laureth sulfate', 'propylene glycol']"
892,['tocopherol'],[]
893,[],[]
894,"['glycerin', 'panthenol', 'ethylhexyl glycerin']",[]
895,"['glycerin', 'tocopherol']",[]
896,"['glycerin', 'niacinamide', 'tocopherol']",[]
897,"['tocopherol', 'titanium dioxide']",[]
898,['titanium dioxide'],['methylisothiazolinone']
899,['glycerin'],"['sodium laureth sulfate', 'propylene glycol']"
900,['tocopherol'],[]
901,"['glycerin', 'hydrolyzed sodium hyaluronate']",[]
902,"['glycerin', 'allantoin']",[]
903,"['glycerin', 'tocopherol']",[]
904,"['glycerin', 'titanium dioxide']","['sodium laureth sulfate', 'methylisothiazolinone']"
905,['glycerin'],['propylene glycol']
906,"['glycerin', 'tocopherol']",[]
907,"['glycerin', 'tocopherol']",[]
908,"['glycerin', 'ethylhexyl glycerin']",[]
909,"['glycerin', 'tocopherol']",['propylene glycol']
910,[],['propylene glycol']
911,['tocopherol'],[]
912,"['glycerin', 'centella asiatica extract', 'panthenol', 'ethylhexyl glycerin', 'sodium hyaluronate']",['dipropylene glycol']
913,['tocopherol'],[]
914,['glycerin'],"['sodium laureth sulfate', 'propylene glycol']"
915,[],[]
916,['tocopherol'],[]
917,"['glycerin', 'tocopherol']",['propylene glycol']
918,"['glycerin', 'tocopherol', 'ethylhexyl glycerin']",[]
919,"['glycerin', 'sodium hyaluronate', 'panthenol']",['propylene glycol']
920,"['tocopherol', 'glycerin']",[]
921,"['hydrogenated jojoba oil', 'titanium dioxide', 'ethylhexyl glycerin', 'tocopherol']",[]
922,['glycerin'],['dipropylene glycol']
923,"['glycerin', 'tocopherol']",[]
924,"['glycerin', 'panthenol', 'ethylhexyl glycerin', 'tocopherol']",[]
925,"['glycerin', 'menthone glycerin acetal', 'allantoin']",['methylisothiazolinone']
926,"['titanium dioxide', 'sodium hyaluronate', 'tocopherol', 'niacinamide']",[]
927,"['glycerin', 'ethylhexyl glycerin']",[]
928,"['sodium hyaluronate', 'glycerin']",[]
929,"['glycerin', 'tocopherol']",[]
930,"['allantoin', 'ethylhexyl glycerin']",['propylene glycol']
931,"['glycerin', 'tocopherol']",[]
932,['allantoin'],[]
933,['glycerin'],[]
934,"['glycerin', 'allantoin', 'panthenol', 'ethylhexyl glycerin']",[]
935,['glycerin'],[]
936,['ethylhexyl glycerin'],[]
937,"['glycerin', 'tocopherol']",[]
938,['glycerin'],[]
939,"['glycerin', 'allantoin']",[]
940,"['glycerin', 'allantoin', 'niacinamide']",['propylene glycol']
941,"['glycerin', 'glycerin']",[]
942,"['glycerin', 'titanium dioxide', 'ethylhexyl glycerin', 'sodium hyaluronate', 'tocopherol']",[]
943,"['allantoin', 'ethylhexyl glycerin', 'glycerin', 'sodium hyaluronate']",['propylene glycol']
944,[],['propylene glycol']
945,['glycerin'],[]
946,"['glycerin', 'hydrogenated jojoba oil']",[]
947,[],[]
948,[],[]
949,[],[]
950,[],[]
951,[],[]
952,[],[]
953,[],[]
954,[],[]
955,[],[]
956,[],[]
957,[],[]
958,[],[]
959,[],['propylene glycol']
960,[],['propylene glycol']
961,[],[]
962,[],[]
963,['tocopherol'],[]
964,[],[]
965,['titanium dioxide'],[]
966,[],[]
967,[],['propylene glycol']
968,"['glycerin', 'ethylhexyl glycerin']",[]
969,[],[]
970,[],[]
971,[],[]
972,[],[]
973,['glycerin'],[]
974,['glycerin'],[]
975,[],[]
976,['glycerin'],[]
977,[],[]
978,[],[]
979,[],[]
980,[],['propylene glycol']
981,[],[]
982,[],[]
983,['glycerin'],[]
984,['glycerin'],[]
985,"['glycerin', 'ethylhexyl glycerin', 'tocopherol', 'allantoin']",['propylene glycol']
986,['glycerin'],[]
987,"['glycerin', 'tocopherol']","['sodium laureth sulfate', 'propylene glycol']"
988,"['glycerin', 'tocopherol']","['sodium laureth sulfate', 'propylene glycol']"
989,['glycerin'],[]
990,"['ethylhexyl glycerin', 'glycerin']","['sodium laureth sulfate', 'propylene glycol', 'benzophenone-4']"
991,[],"['sodium laureth sulfate', 'dmdm hydantoin']"
992,['glycerin'],[]
993,"['glycerin', 'polyglycerin-10']",['sodium laureth sulfate']
994,['tocopherol'],"['sodium laureth sulfate', 'propylene glycol']"
995,"['glycerin', 'sodium hyaluronate', 'linoleic acid']",['propylene glycol dicoco-caprylate']
996,['tocopherol'],[]
997,"['glycerin', 'tocopherol']","['sodium laureth sulfate', 'propylene glycol']"
998,"['glycerin', 'titanium dioxide']","['sodium laureth sulfate', 'propylene glycol']"
999,"['glycerin', 'tocopherol']",[]
1000,"['glycerin', 'tocopherol']","['sodium laureth sulfate', 'propylene glycol']"
1001,"['glycerin', 'tocopherol']",[]
1002,['glycerin'],[]
1003,['glycerin'],['sodium laureth sulfate']
1004,"['glycerin', 'tocopherol']","['sodium laureth sulfate', 'propylene glycol']"
1005,"['glycerin', 'tocopherol']","['sodium laureth sulfate', 'propylene glycol']"
1006,['glycerin'],['sodium laureth sulfate']
1007,"['glycerin', 'tocopherol']","['sodium laureth sulfate', 'propylene glycol']"
1008,"['glycerin', 'niacinamide']",['sodium laureth sulfate']
1009,['glycerin'],[]
1010,['glycerin'],['dipropylene glycol']
1011,"['glycerin', 'tocopherol']","['sodium laureth sulfate', 'propylene glycol']"
1012,"['ethylhexyl glycerin', 'glycerin']",['sodium laureth sulfate']
1013,[],[]
1014,['glycerin'],['sodium laureth sulfate']
1015,['sodium hyaluronate'],[]
1016,['sodium hyaluronate'],[]
1017,"['glycerin', 'sodium cocoyl amino acids', 'tocopherol']",['propylene glycol']
1018,['glycerin'],['sodium laureth sulfate']
1019,['glycerin'],[]
1020,['tocopherol'],[]
1021,['glycerin'],['sodium laureth sulfate']
1022,[],['sodium laureth sulfate']
1023,"['glycerin', 'niacinamide', 'tocopherol']",[]
1024,"['glycerin', 'tocopherol']",[]
1025,['tocopherol'],['propylene glycol']
1026,['glycerin'],['sodium laureth sulfate']
1027,"['glycerin', 'tocopherol']","['sodium laureth sulfate', 'propylene glycol']"
1028,"['glycerin', 'ethylhexyl glycerin']","['sodium laureth sulfate', 'methylisothiazolinone']"
1029,"['glycerin', 'ethylhexyl glycerin']","['sodium laureth sulfate', 'methylisothiazolinone']"
1030,"['glycerin', 'titanium dioxide']","['sodium laureth sulfate', 'propylene glycol']"
1031,"['glycerin', 'tocopherol', 'shea butterate']",[]
1032,[],['dipropylene glycol']
1033,"['glycerin', 'panthenol']",[]
1034,['glycerin'],['sodium laureth sulfate']
1035,['glycerin'],[]
1036,['glycerin'],['sodium laureth sulfate']
1037,['tocopherol'],[]
1038,['tocopherol'],['propylene glycol']
1039,['glycerin'],[]
1040,['glycerin'],['sodium laureth sulfate']
1041,['glycerin'],[]
1042,"['glycerin', 'tocopherol']",[]
1043,"['glycerin', 'panthenol']",[]
1044,"['glycerin', 'ethylhexyl glycerin', 'tocopherol', 'allantoin']",['propylene glycol']
1045,[],[]
1046,['niacinamide'],['sodium laureth sulfate']
1047,['ethylhexyl glycerin'],"['sodium laureth sulfate', 'propylene glycol', 'methylisothiazolinone']"
1048,"['ethylhexyl glycerin', 'tocopherol']",[]
1049,"['glycerin', 'tocopherol']","['sodium laureth sulfate', 'propylene glycol']"
1050,"['glycerin', 'allantoin', 'panthenol']",[]
1051,['glycerin'],[]
1052,"['glycerin', 'tocopherol']",[]
1053,"['glycerin', 'panthenol', 'ethylhexyl glycerin', 'tocopherol']",[]
1054,['glycerin'],[]
1055,['glycerin'],[]
1056,"['glycerin', 'allantoin', 'panthenol']",[]
1057,"['glycerin', 'titanium dioxide']","['sodium laureth sulfate', 'propylene glycol']"
1058,"['glycerin', 'tocopherol']","['sodium laureth sulfate', 'propylene glycol']"
1059,['glycerin'],[]
1060,"['glycerin', 'panthenol']",[]
1061,[],[]
1062,['tocopherol'],['propylene glycol']
1063,"['glycerin', 'tocopherol']",['sodium laureth sulfate']
1064,['tocopherol'],['propylene glycol']
1065,"['glycerin', 'sodium hyaluronate', 'tocopherol', 'ethylhexyl glycerin']",['benzophenone-4']
1066,['tocopherol'],['propylene glycol']
1067,"['tocopherol', 'glycerin']",[]
1068,[],[]
1069,[],['propylene glycol']
1070,['glycerin'],[]
1071,"['allantoin', 'glycerin', 'panthenol']",[]
1072,[],"['sodium laureth sulfate', 'propylene glycol']"
1073,['sodium hyaluronate'],[]
1074,['glycerin'],['methylisothiazolinone']
1075,['glycerin'],[]
1076,['glycerin'],[]
1077,"['glycerin', 'allantoin', 'tocopherol']",[]
1078,['glycerin'],[]
1079,['glycerin'],[]
1080,['glycerin'],[]
1081,['tocopherol'],['propylene glycol']
1082,"['glycerin', 'ethylhexyl glycerin', 'tocopherol']",[]
1083,['glycerin'],[]
1084,['glycerin'],['sodium lauryl sulfate']
1085,"['glycerin', 'ethylhexyl glycerin', 'tocopherol']",[]
1086,"['glycerin', 'panthenol', 'ethylhexyl glycerin', 'tocopherol']",[]
1087,"['glycerin', 'panthenol', 'tocopherol']","['sodium laureth sulfate', 'benzophenone-4']"
1088,[],['sodium laureth sulfate']
1089,['glycerin'],[]
1090,"['panthenol', 'tocopherol']",[]
1091,"['panthenol', 'glycerin', 'tocopherol']",[]
1092,"['peg-75 shea butter glycerides', 'glycerin', 'panthenol']",['sodium laureth sulfate']
1093,['glycerin'],[]
1094,['glycerin'],[]
1095,['glycerin'],[]
1096,['glycerin'],"['sodium laureth sulfate', 'propylene glycol']"
1097,[],['sodium laureth sulfate']
1098,"['tocopherol', 'glycerin']",[]
1099,['tocopherol'],[]
1100,['titanium dioxide'],['dmdm hydantoin']
1101,"['glycerin', 'tocopherol']",['sodium laureth sulfate']
1102,['glycerin'],['sodium laureth sulfate']
1103,"['glycerin', 'panthenol']",['sodium laureth sulfate']
1104,[],['sodium laureth sulfate']
1105,['glycerin'],['propylene glycol']
1106,[],['sodium laureth sulfate']
1107,['tocopherol'],[]
1108,['panthenol'],['sodium laureth sulfate']
1109,[],[]
1110,[],[]
1111,['glycerin'],[]
1112,[],[]
1113,['glycerin'],[]
1114,['titanium dioxide'],['sodium laureth sulfate']
1115,['tocopherol'],[]
1116,[],[]
1117,[],[]
1118,[],[]
1119,['tocopherol'],[]
1120,[],[]
1121,[],[]
1122,[],[]
1123,['tocopherol'],[]
1124,['tocopherol'],[]
1125,[],[]
1126,[],[]
1127,"['glycerin', 'glycerin']",[]
1128,[],[]
1129,[],[]
1130,['tocopherol'],[]
1131,[],[]
1132,[],[]
1133,['glycerin'],[]
1134,['tocopherol'],['propylene glycol']
1135,['glycerin'],[]
1136,['tocopherol'],['propylene glycol']
1137,['tocopherol'],[]
1138,['glycerin'],[]
